LOAN,MORTDUE,VALUE,REASON,JOB,YOJ,DEROG,DELINQ,CLAGE,NINQ,CLNO,DEBTINC,Cust_id
17000,27088.0,166437.0,HomeImp,Self,7.0,0.0,0.0,306.674171046746,0.0,27.0,26.1567178808929,Cust_3141
24500,118251.0,158758.0,DebtCon,Mgr,2.0,0.0,0.0,282.649921648296,0.0,24.0,38.8448019536188,Cust_4663
15200,85303.0,131022.0,DebtCon,ProfExe,14.0,0.0,0.0,295.49573297525,0.0,18.0,29.6099200406577,Cust_2656
6200,75623.0,89634.0,HomeImp,Other,24.0,0.0,0.0,324.686829408432,0.0,47.0,28.2855321028016,Cust_360
47900,95377.0,157273.0,DebtCon,Other,16.0,0.0,0.0,236.302659541806,8.0,18.0,39.1030452444093,Cust_5794
8100,78977.0,91995.0,DebtCon,Mgr,19.0,0.0,0.0,296.747094785341,1.0,23.0,38.8209402933209,Cust_695
11000,56795.0,70014.0,DebtCon,Other,3.0,0.0,1.0,319.795771272606,0.0,10.0,33.5961708577937,Cust_1453
6700,66587.0,70710.0,DebtCon,ProfExe,9.0,1.0,0.0,43.9233826310486,1.0,24.0,39.7385762648976,Cust_436
21100,55863.0,81406.0,DebtCon,Mgr,10.0,1.0,0.0,74.576426980844,2.0,27.0,36.7602757086932,Cust_4036
24900,17139.0,33269.0,DebtCon,Other,16.0,3.0,0.0,124.196826540436,1.0,18.0,26.2758324150349,Cust_4707
30300,137927.0,182588.0,DebtCon,ProfExe,1.0,1.0,0.0,248.980672019937,1.0,18.0,40.3618520669229,Cust_5347
21600,45421.0,75632.0,DebtCon,Office,2.0,0.0,1.0,230.242234673752,0.0,11.0,33.4573808805586,Cust_4131
32600,233216.0,38583.0,DebtCon,Mgr,4.0,0.0,1.0,226.146988770595,2.0,49.0,40.2221828644314,Cust_5459
9500,55862.0,62965.0,DebtCon,Other,15.0,0.0,4.0,223.103914022822,0.0,36.0,26.1411780494876,Cust_1024
15500,46846.0,70082.0,DebtCon,ProfExe,7.0,0.0,0.0,152.168060132808,2.0,12.0,30.1314972250403,Cust_2756
12000,48189.0,53969.0,DebtCon,Other,5.0,0.0,0.0,276.381742692201,0.0,18.0,65.4952431523592,Cust_1760
17400,97072.0,155146.0,DebtCon,Mgr,0.0,0.0,0.0,204.165616289781,0.0,19.0,40.5079647738663,Cust_3262
11500,43945.0,63337.0,DebtCon,Mgr,2.0,0.0,1.0,193.742485392394,0.0,21.0,27.6234939640404,Cust_1580
16300,67524.0,85577.0,DebtCon,Other,8.0,0.0,0.0,75.4343279865615,3.0,11.0,31.7618287773625,Cust_2970
8200,120837.0,176244.0,DebtCon,Other,8.0,0.0,0.0,196.724160540497,0.0,20.0,34.7457431518313,Cust_726
14800,48910.0,70039.0,DebtCon,Other,8.0,0.0,1.0,94.9715959885802,3.0,48.0,30.9205016865723,Cust_2468
9700,39141.0,48905.0,DebtCon,Other,13.0,0.0,0.0,89.8359397397969,0.0,11.0,32.431409700304,Cust_1067
31300,119911.0,171916.0,DebtCon,ProfExe,16.0,0.0,0.0,140.449471353295,0.0,16.0,27.6899107037112,Cust_5399
25100,41314.0,71357.0,DebtCon,Office,19.0,0.0,0.0,183.631428297569,1.0,22.0,33.66553411681,Cust_4798
21800,76324.0,102287.0,DebtCon,Office,6.0,0.0,1.0,61.6413253768166,4.0,29.0,41.0323860302951,Cust_4192
7200,62329.0,78007.0,DebtCon,ProfExe,8.0,0.0,0.0,55.3588030896308,1.0,23.0,38.6402771093744,Cust_519
4300,72021.0,80027.0,HomeImp,Other,2.0,2.0,0.0,263.970300294846,0.0,5.0,36.4320939367088,Cust_110
12600,103946.0,113900.0,DebtCon,Other,17.0,0.0,2.0,194.359939323332,1.0,16.0,36.4145728217878,Cust_1905
13900,65437.0,94518.0,DebtCon,ProfExe,10.0,0.0,0.0,182.400755057369,0.0,19.0,21.2960753209265,Cust_2276
8400,82597.0,83858.0,HomeImp,Other,25.0,0.0,0.0,350.568136170976,1.0,47.0,28.9107571404291,Cust_763
8400,62989.0,76718.0,HomeImp,Mgr,3.0,0.0,2.0,131.471382610574,0.0,22.0,29.200400339286,Cust_766
33700,83471.0,133221.0,DebtCon,Mgr,29.0,0.0,0.0,334.581206609538,0.0,19.0,39.0955662577951,Cust_5508
25100,73398.0,115065.0,DebtCon,Other,5.0,0.0,0.0,88.6063374743455,2.0,31.0,42.050244453759,Cust_4807
15400,7839.0,48276.0,DebtCon,ProfExe,4.0,0.0,0.0,315.178318476421,0.0,16.0,18.3019594654077,Cust_2733
37900,201996.0,272874.0,DebtCon,ProfExe,3.0,0.0,0.0,249.826592497252,0.0,32.0,31.4275824471831,Cust_5610
15400,50121.0,67755.0,DebtCon,Other,3.0,0.0,0.0,168.74803195045,0.0,14.0,37.5608627610658,Cust_2735
66400,69588.0,143926.0,HomeImp,Office,12.0,0.0,0.0,118.254486577007,0.0,11.0,39.9753470967549,Cust_5916
21600,61797.0,109007.0,DebtCon,ProfExe,14.0,0.0,2.0,267.887789883342,0.0,35.0,26.0921715248712,Cust_4136
16200,62258.0,92595.0,DebtCon,Office,2.0,0.0,0.0,177.854219539928,0.0,25.0,22.2196004703034,Cust_2940
20800,107379.0,147014.0,HomeImp,ProfExe,10.0,0.0,0.0,161.537482385368,1.0,22.0,31.9253294162011,Cust_3973
12500,56960.0,69014.0,DebtCon,Other,4.0,0.0,0.0,307.636664030113,0.0,10.0,30.3624838168232,Cust_1874
8700,30716.0,84778.0,HomeImp,ProfExe,19.0,0.0,0.0,219.0852356094,0.0,10.0,23.8088941538375,Cust_848
13800,97778.0,116814.0,DebtCon,Other,15.0,1.0,3.0,120.781396213732,1.0,22.0,23.2047132895024,Cust_2264
13900,64356.0,88028.0,DebtCon,Office,13.0,0.0,0.0,111.809975503707,0.0,24.0,39.0085081152238,Cust_2270
53200,182033.0,258678.0,DebtCon,ProfExe,5.0,0.0,0.0,227.717729209656,2.0,32.0,39.9313528393821,Cust_5872
10300,59340.0,84708.0,HomeImp,Other,13.0,0.0,0.0,222.364889385104,1.0,36.0,34.9259842536813,Cust_1282
25600,241570.0,264772.0,HomeImp,Self,4.0,1.0,0.0,260.741988874204,2.0,50.0,37.3799746484728,Cust_4871
16700,29404.0,45209.0,DebtCon,ProfExe,20.0,0.0,1.0,195.552329614985,2.0,16.0,31.0580843642531,Cust_3079
25000,95651.0,148280.0,DebtCon,ProfExe,21.0,1.0,0.0,154.565432795941,0.0,24.0,42.6953312738916,Cust_4719
7400,138033.0,163162.0,HomeImp,ProfExe,11.0,0.0,0.0,224.847042489912,0.0,19.0,21.0575740225509,Cust_547
11500,29281.0,37717.0,HomeImp,Mgr,15.0,0.0,0.0,61.9154446546125,0.0,9.0,30.7024285460275,Cust_1592
14600,15411.0,50493.0,HomeImp,Office,24.0,0.0,0.0,259.746890561514,0.0,19.0,30.5687133863888,Cust_2422
23700,46910.0,75136.0,DebtCon,Other,10.0,0.0,0.0,119.231204380074,1.0,19.0,43.8295880039221,Cust_4542
34100,138523.0,196555.0,DebtCon,ProfExe,21.0,0.0,0.0,185.005434665231,1.0,22.0,38.8960395039506,Cust_5521
11700,59932.0,80313.0,HomeImp,Office,14.0,0.0,0.0,238.486461582629,0.0,32.0,44.4749177025514,Cust_1625
25700,189995.0,250814.0,DebtCon,Other,9.0,0.0,0.0,100.800942667278,1.0,25.0,41.0058327699107,Cust_4891
17200,62840.0,92946.0,HomeImp,ProfExe,5.0,0.0,0.0,133.159480769545,0.0,11.0,27.5035401706041,Cust_3224
21300,56729.0,114643.0,DebtCon,ProfExe,14.0,0.0,3.0,276.170166981595,1.0,36.0,25.8308832264556,Cust_4067
11700,101520.0,110617.0,DebtCon,Other,18.0,0.0,2.0,198.543348069693,1.0,16.0,38.7212594477466,Cust_1642
11500,22758.0,36922.0,DebtCon,Office,7.0,0.0,1.0,103.04811711477,0.0,16.0,19.0201683039359,Cust_1596
30800,54981.0,82038.0,DebtCon,Office,2.0,0.0,0.0,165.077847392564,2.0,19.0,41.2392562793052,Cust_5378
12400,132894.0,198168.0,HomeImp,Office,0.0,0.0,1.0,355.163911302702,0.0,16.0,40.540295366184,Cust_1845
31800,195134.0,299299.0,DebtCon,Other,29.0,0.0,0.0,161.885126349003,0.0,22.0,38.6370239191023,Cust_5424
9800,56188.0,90143.0,HomeImp,Other,17.0,0.0,0.0,171.413658351785,0.0,29.0,25.621650412442,Cust_1097
17700,71399.0,96588.0,HomeImp,ProfExe,7.0,0.0,0.0,83.5985318297755,0.0,16.0,33.6265856677697,Cust_3331
18700,11886.0,63762.0,DebtCon,Sales,0.0,0.0,0.0,315.260499502942,0.0,5.0,39.6758335857772,Cust_3552
33900,13154.0,62208.0,DebtCon,Other,1.0,0.0,0.0,111.980656956086,1.0,5.0,37.4669773017182,Cust_5513
18200,49653.0,159076.0,DebtCon,ProfExe,20.0,0.0,0.0,231.54972267832,0.0,27.0,20.415931614235,Cust_3442
10600,44696.0,57686.0,DebtCon,Office,0.0,0.0,0.0,170.34097406134,0.0,20.0,37.7925550257287,Cust_1344
18400,83548.0,111626.0,DebtCon,ProfExe,9.0,0.0,0.0,163.854393420234,3.0,17.0,37.0781177872411,Cust_3491
12300,50441.0,56656.0,DebtCon,Office,1.0,0.0,0.0,186.451016653267,0.0,21.0,35.4526074209961,Cust_1836
12500,50097.0,73846.0,DebtCon,Other,1.0,0.0,0.0,267.865458324262,0.0,20.0,29.1596094934361,Cust_1886
15100,81298.0,108947.0,DebtCon,ProfExe,9.0,0.0,0.0,194.443465645094,1.0,35.0,42.2459407446189,Cust_2646
22500,87361.0,140632.0,DebtCon,ProfExe,24.0,0.0,0.0,146.296171887629,0.0,25.0,39.8767699309656,Cust_4332
46200,117227.0,174882.0,DebtCon,Self,12.0,0.0,0.0,195.64118682321,0.0,5.0,40.6216192761863,Cust_5776
14300,85631.0,100000.0,HomeImp,Other,20.0,0.0,0.0,144.999296990763,3.0,23.0,30.1306363792488,Cust_2362
21300,58209.0,84200.0,DebtCon,Other,18.0,0.0,0.0,212.932297696521,0.0,22.0,33.0331464136826,Cust_4063
12800,85251.0,114023.0,DebtCon,ProfExe,1.0,1.0,2.0,143.682795908846,0.0,33.0,31.9132724130122,Cust_1978
28900,135770.0,188368.0,DebtCon,ProfExe,0.0,1.0,0.0,229.75322241493,2.0,19.0,40.6318713878197,Cust_5277
9100,28550.0,40300.0,HomeImp,Other,5.0,0.0,0.0,109.535635519348,7.0,33.0,23.0829053415232,Cust_942
29400,39354.0,75553.0,DebtCon,Mgr,13.0,1.0,0.0,77.3425970425262,6.0,15.0,35.1104488925126,Cust_5302
10700,115118.0,124198.0,DebtCon,Self,6.0,1.0,0.0,174.34182326453,0.0,19.0,31.7579905800791,Cust_1386
26800,139309.0,166621.0,DebtCon,Other,5.0,0.0,0.0,217.21148261906,0.0,20.0,35.1858570596556,Cust_5038
30900,190480.0,298239.0,DebtCon,Other,27.0,0.0,1.0,164.6048705693,0.0,23.0,39.6014521264571,Cust_5382
17000,45671.0,64516.0,HomeImp,Other,27.0,0.0,0.0,246.179721374571,0.0,13.0,25.7012056033039,Cust_3144
26200,100931.0,132627.0,DebtCon,Office,11.0,0.0,1.0,169.032093873273,0.0,28.0,41.0895691856926,Cust_4960
18200,68743.0,92112.0,DebtCon,Mgr,0.0,0.0,0.0,95.3437650203807,0.0,16.0,26.69266662683,Cust_3454
10500,88829.0,114962.0,DebtCon,Other,13.0,0.0,0.0,206.212228037804,3.0,15.0,37.8649462143262,Cust_1314
19300,98769.0,121140.0,HomeImp,Mgr,0.0,0.0,1.0,313.924515393031,0.0,20.0,43.085543048105,Cust_3675
15800,102552.0,138171.0,HomeImp,ProfExe,13.0,0.0,0.0,116.763184421039,4.0,21.0,35.1131504868032,Cust_2831
34600,27851.0,42623.0,DebtCon,Mgr,6.0,0.0,0.0,45.9271661669314,0.0,7.0,35.1310927059413,Cust_5531
6800,136951.0,160306.0,HomeImp,ProfExe,11.0,0.0,0.0,219.735673403212,1.0,18.0,20.8850934988843,Cust_440
39100,68135.0,108723.0,DebtCon,Mgr,15.0,0.0,1.0,193.686189096137,0.0,22.0,38.5789927128884,Cust_5641
5500,40584.0,46645.0,HomeImp,Other,4.0,0.0,1.0,136.320637463563,0.0,13.0,34.4947089647896,Cust_253
10300,70147.0,122124.0,HomeImp,Other,1.0,0.0,0.0,58.8956858945323,0.0,7.0,57.9950186230778,Cust_1268
13000,81972.0,102295.0,HomeImp,ProfExe,5.0,0.0,0.0,107.42060929405,0.0,26.0,24.7208310828036,Cust_2020
27600,54328.0,94216.0,DebtCon,Other,24.0,1.0,2.0,188.393741915852,1.0,19.0,26.8333121673219,Cust_5142
12800,91040.0,114331.0,DebtCon,Other,12.0,0.0,0.0,175.877350069455,0.0,26.0,34.7471850387692,Cust_1974
17000,108154.0,134103.0,DebtCon,Other,1.0,0.0,0.0,279.361198802307,0.0,46.0,39.6769766067979,Cust_3176
8600,66366.0,75957.0,DebtCon,ProfExe,8.0,0.0,0.0,72.9167210723817,2.0,25.0,39.6604087388098,Cust_836
26000,20119.0,54563.0,DebtCon,Other,24.0,0.0,0.0,126.987959435857,0.0,11.0,25.6236385071388,Cust_4939
7100,58639.0,72412.0,DebtCon,ProfExe,14.0,0.0,0.0,120.033464547156,0.0,20.0,43.6787466610217,Cust_514
7400,82412.0,91326.0,DebtCon,Mgr,19.0,0.0,1.0,316.947082536928,1.0,24.0,37.9087501852674,Cust_558
21900,52735.0,75372.0,DebtCon,ProfExe,5.0,0.0,1.0,217.020940183721,6.0,23.0,34.0159149760408,Cust_4201
10100,154005.0,175684.0,HomeImp,Office,4.0,0.0,0.0,189.366307260958,0.0,56.0,33.9712218837679,Cust_1234
24800,144410.0,211936.0,HomeImp,ProfExe,3.0,0.0,0.0,195.070359543409,1.0,28.0,38.9261568789399,Cust_4695
7400,71576.0,89068.0,DebtCon,Sales,0.0,0.0,0.0,94.7822306942958,0.0,17.0,42.8034219945843,Cust_555
22300,89591.0,149566.0,DebtCon,ProfExe,23.0,0.0,0.0,157.65172985887,0.0,24.0,41.8593049700322,Cust_4283
9000,56162.0,75526.0,HomeImp,Other,6.0,0.0,0.0,127.786969600682,0.0,15.0,35.7340568157025,Cust_907
16600,9626.0,96887.0,HomeImp,Other,14.0,0.0,0.0,263.766246650792,0.0,23.0,28.6747019824827,Cust_3045
23200,96043.0,140090.0,DebtCon,ProfExe,21.0,0.0,0.0,162.64043048725,0.0,24.0,39.2051004269789,Cust_4458
21900,51861.0,68951.0,DebtCon,ProfExe,10.0,0.0,0.0,188.978617124605,0.0,42.0,38.9997541552176,Cust_4200
46300,120636.0,178823.0,DebtCon,Self,11.0,0.0,0.0,188.043619201664,0.0,3.0,40.9151412710478,Cust_5778
13100,73987.0,106557.0,DebtCon,Office,9.0,0.0,0.0,149.452529060326,1.0,13.0,37.0085269283031,Cust_2080
17500,17889.0,94453.0,DebtCon,Other,19.0,0.0,0.0,244.356227399862,2.0,41.0,35.7447708858386,Cust_3276
7100,64850.0,76985.0,HomeImp,Other,0.0,0.0,0.0,108.21718977053,0.0,7.0,36.3375575572427,Cust_516
11500,44097.0,58336.0,DebtCon,Office,0.0,0.0,0.0,173.318320750794,0.0,20.0,38.1916260245683,Cust_1584
12600,85335.0,97094.0,DebtCon,Other,2.0,0.0,0.0,116.086609024358,1.0,32.0,40.845246192196,Cust_1918
15100,53549.0,99812.0,DebtCon,ProfExe,4.0,0.0,0.0,127.122147230172,2.0,21.0,37.9571036747504,Cust_2637
37900,150044.0,202894.0,HomeImp,ProfExe,5.0,0.0,0.0,156.033927905996,0.0,30.0,36.3114076720138,Cust_5611
17600,39063.0,54561.0,DebtCon,Other,17.0,0.0,0.0,107.943817541783,1.0,17.0,38.919210326606,Cust_3316
26900,98324.0,129210.0,DebtCon,ProfExe,0.0,1.0,0.0,185.205811134546,3.0,38.0,34.6506491263167,Cust_5055
29200,50105.0,83815.0,DebtCon,Other,21.0,0.0,0.0,188.201028645171,0.0,26.0,35.59575066875,Cust_5295
12600,67860.0,103426.0,DebtCon,Other,9.0,0.0,0.0,202.152633849169,0.0,20.0,18.3475293849583,Cust_1909
17500,87294.0,114031.0,DebtCon,Other,15.0,0.0,0.0,147.098583490625,2.0,8.0,34.4679400025718,Cust_3293
12000,84172.0,123415.0,DebtCon,Office,9.0,0.0,0.0,139.018449351974,1.0,21.0,38.5826698840701,Cust_1693
17700,82302.0,111228.0,HomeImp,ProfExe,4.0,0.0,0.0,118.455903598398,0.0,25.0,37.160561204497,Cust_3339
39500,30972.0,70545.0,DebtCon,ProfExe,3.0,0.0,0.0,197.452428911054,2.0,17.0,25.3605573464653,Cust_5646
17600,106381.0,134476.0,DebtCon,Other,0.0,0.0,0.0,294.073254125762,0.0,47.0,38.5816587172829,Cust_3313
22700,73280.0,92961.0,DebtCon,ProfExe,8.0,0.0,1.0,109.570292368911,3.0,26.0,34.614422556122,Cust_4359
24400,147073.0,182069.0,DebtCon,Other,2.0,0.0,0.0,173.714946620394,0.0,35.0,37.8123679303855,Cust_4646
22200,102345.0,148299.0,HomeImp,ProfExe,11.0,0.0,0.0,169.088973994133,0.0,22.0,34.4728797286995,Cust_4259
40300,33299.0,73380.0,DebtCon,ProfExe,4.0,0.0,0.0,184.537589086566,1.0,18.0,24.3744811120976,Cust_5671
16100,61712.0,82649.0,DebtCon,Other,12.0,0.0,0.0,94.6451236033861,0.0,9.0,27.5488312041056,Cust_2925
15000,73187.0,111623.0,DebtCon,Other,4.0,0.0,0.0,98.1398936848173,2.0,14.0,36.2372336707158,Cust_2615
13900,144263.0,167164.0,DebtCon,ProfExe,8.0,2.0,6.0,111.588603287394,5.0,38.0,91.6125999771303,Cust_2283
11000,50178.0,64427.0,DebtCon,Other,5.0,0.0,0.0,67.6362890531347,1.0,11.0,28.689928356884,Cust_1477
10100,73174.0,91101.0,DebtCon,Office,14.0,0.0,0.0,77.1170906635435,0.0,8.0,25.042596686791,Cust_1224
15900,49516.0,105352.0,HomeImp,Other,0.0,0.0,2.0,54.4373256165897,0.0,9.0,40.2706076181683,Cust_2849
25600,58606.0,89508.0,DebtCon,Other,8.0,1.0,0.0,140.7127577407,2.0,30.0,41.6699637140147,Cust_4873
11200,65508.0,103523.0,DebtCon,Office,12.0,0.0,0.0,154.427367656845,0.0,12.0,37.5754361020706,Cust_1528
38900,120006.0,160771.0,HomeImp,ProfExe,13.0,0.0,0.0,137.635373395658,0.0,40.0,46.7015852381576,Cust_5633
25500,73083.0,126995.0,DebtCon,Office,1.0,0.0,0.0,289.200898627159,1.0,24.0,37.3162076515687,Cust_4868
16100,76981.0,106014.0,DebtCon,ProfExe,0.0,0.0,0.0,269.342628679069,1.0,21.0,39.7991122833449,Cust_2923
11500,53651.0,87547.0,HomeImp,Other,18.0,0.0,0.0,191.396887478657,0.0,16.0,34.3686508873797,Cust_1578
15900,16744.0,52234.0,DebtCon,ProfExe,3.0,0.0,0.0,288.415949536183,0.0,16.0,17.4522274329663,Cust_2873
5600,76407.0,77485.0,HomeImp,Other,9.0,0.0,0.0,91.6837706342405,0.0,24.0,37.7733509756594,Cust_262
20000,22036.0,51068.0,DebtCon,Other,25.0,0.0,2.0,210.71986666442,0.0,25.0,29.1600445097592,Cust_3824
27700,103249.0,206521.0,DebtCon,Other,24.0,0.0,0.0,196.781632850107,0.0,19.0,25.688176341517,Cust_5150
28400,206126.0,238745.0,HomeImp,Other,9.0,0.0,0.0,119.069763395501,1.0,42.0,41.6701877366287,Cust_5243
15200,5076.0,66536.0,DebtCon,Sales,2.0,0.0,0.0,323.102004194535,0.0,5.0,40.2529287537574,Cust_2649
15700,79346.0,93472.0,DebtCon,Mgr,19.0,0.0,0.0,244.476056960638,11.0,23.0,33.1964124565834,Cust_2798
9200,48130.0,62358.0,DebtCon,Other,15.0,0.0,4.0,219.657131037409,0.0,36.0,27.6170634246464,Cust_961
23500,44952.0,70191.0,DebtCon,Office,6.0,0.0,0.0,164.963939916035,1.0,26.0,35.7881577053006,Cust_4494
37300,68789.0,86172.0,HomeImp,Self,2.0,0.0,6.0,235.637905644348,2.0,25.0,114.050527695916,Cust_5599
19500,8861.0,170687.0,HomeImp,Mgr,23.0,0.0,0.0,76.7884954764776,2.0,20.0,31.5840028634267,Cust_3704
26500,76599.0,119041.0,DebtCon,Other,4.0,0.0,0.0,97.2656584692662,1.0,31.0,40.1265097302042,Cust_5008
20400,68928.0,98587.0,HomeImp,Office,13.0,0.0,0.0,153.5781354362,0.0,13.0,36.1760918387333,Cust_3895
25700,94295.0,143788.0,DebtCon,Mgr,23.0,0.0,0.0,220.729518880425,0.0,13.0,42.3581280416148,Cust_4888
22900,41130.0,81069.0,DebtCon,ProfExe,8.0,0.0,0.0,276.08761885236,0.0,19.0,38.5014065748646,Cust_4412
7800,38506.0,50309.0,DebtCon,Other,11.0,0.0,0.0,231.001195496054,0.0,32.0,35.9061158460361,Cust_625
21500,110712.0,178045.0,DebtCon,Office,6.0,0.0,0.0,212.604079734423,4.0,24.0,43.3108562945532,Cust_4110
5300,47449.0,63895.0,HomeImp,Office,19.0,0.0,0.0,208.162714012753,0.0,20.0,19.7621137014879,Cust_227
19300,31950.0,53814.0,DebtCon,ProfExe,17.0,0.0,0.0,178.459637212833,1.0,20.0,37.1347123287081,Cust_3668
32900,49709.0,101222.0,DebtCon,Office,2.0,0.0,0.0,181.909824541909,2.0,24.0,35.0455962558024,Cust_5469
7000,64255.0,68389.0,HomeImp,Other,4.0,0.0,0.0,80.1524309084911,2.0,19.0,40.561860543481,Cust_501
27500,69579.0,117799.0,DebtCon,Other,5.0,0.0,0.0,84.3731244983029,2.0,32.0,38.8621208070135,Cust_5127
19700,105135.0,147353.0,DebtCon,Office,11.0,0.0,2.0,225.696127591945,0.0,24.0,43.0096505325938,Cust_3729
18700,68196.0,89641.0,DebtCon,Other,0.0,2.0,1.0,112.976041230003,1.0,26.0,34.4146216277381,Cust_3559
19200,96401.0,115545.0,DebtCon,ProfExe,7.0,0.0,0.0,128.714513776739,1.0,20.0,22.1872899935987,Cust_3653
16500,48674.0,73720.0,DebtCon,ProfExe,17.0,0.0,0.0,186.473071485614,0.0,23.0,38.3736078102112,Cust_3036
10100,126358.0,180305.0,DebtCon,Other,8.0,0.0,0.0,199.350529653994,1.0,20.0,32.0336287885223,Cust_1229
8800,78953.0,93018.0,DebtCon,Mgr,7.0,0.0,0.0,110.7231299652,0.0,22.0,28.289429173269,Cust_874
53700,25813.0,78955.0,HomeImp,Other,3.0,2.0,0.0,243.514855461819,7.0,14.0,42.998456034343,Cust_5879
28800,151328.0,194243.0,HomeImp,Self,2.0,0.0,0.0,174.977052821835,0.0,17.0,42.11254012772,Cust_5272
23600,30758.0,57280.0,DebtCon,Other,13.0,0.0,0.0,104.395690488712,2.0,24.0,31.1203986247817,Cust_4518
12900,90646.0,100744.0,HomeImp,Other,19.0,0.0,0.0,141.208460575019,3.0,23.0,31.5263797108393,Cust_1996
20400,38267.0,68684.0,DebtCon,Office,12.0,0.0,1.0,121.453362891953,0.0,22.0,42.2064332192235,Cust_3896
15900,19639.0,171350.0,HomeImp,Self,8.0,0.0,0.0,311.310360413541,0.0,26.0,26.8767298605697,Cust_2871
22900,107241.0,138883.0,DebtCon,Mgr,9.0,1.0,0.0,201.785744100794,5.0,18.0,41.1407520785698,Cust_4407
40500,145127.0,205613.0,HomeImp,ProfExe,5.0,0.0,0.0,143.128834398505,0.0,30.0,35.3375454035297,Cust_5676
5700,62319.0,82923.0,HomeImp,Other,4.0,0.0,0.0,117.673965199242,0.0,15.0,42.4648662852053,Cust_279
13700,32942.0,40143.0,HomeImp,Other,8.0,0.0,0.0,65.0007422515671,2.0,12.0,30.2683688490458,Cust_2234
16200,25329.0,37433.0,DebtCon,ProfExe,21.0,1.0,0.0,207.159547530986,2.0,16.0,32.7180880271355,Cust_2938
9000,53177.0,56782.0,HomeImp,Other,9.0,0.0,0.0,106.500537011367,3.0,33.0,40.084175501803,Cust_933
8100,28187.0,32584.0,DebtCon,Other,0.0,1.0,0.0,27.0488347116568,10.0,7.0,29.2879568307418,Cust_707
7000,73873.0,111781.0,DebtCon,Office,0.0,0.0,0.0,231.799913458932,0.0,38.0,19.2735794553596,Cust_470
23000,58696.0,102176.0,HomeImp,ProfExe,18.0,0.0,0.0,629.095766313146,0.0,23.0,22.8256071160853,Cust_4417
11800,98877.0,110250.0,DebtCon,Other,18.0,0.0,2.0,195.862916773269,1.0,16.0,36.8716994226685,Cust_1663
24800,76220.0,102087.0,HomeImp,Mgr,6.0,0.0,1.0,126.641019549516,0.0,32.0,48.569574037045,Cust_4703
10800,70214.0,83882.0,DebtCon,Office,4.0,1.0,2.0,172.799300869708,3.0,30.0,38.5888235850673,Cust_1397
12000,76674.0,97936.0,DebtCon,Mgr,5.0,0.0,0.0,147.914202730804,2.0,27.0,41.2257631585029,Cust_1751
18200,61690.0,89963.0,HomeImp,ProfExe,15.0,0.0,2.0,157.409678982855,0.0,14.0,27.9466759653746,Cust_3448
28400,46126.0,66942.0,DebtCon,Office,18.0,0.0,0.0,180.668308183535,2.0,21.0,33.7690351498961,Cust_5234
12100,18728.0,34443.0,DebtCon,Mgr,9.0,0.0,0.0,117.648282931208,0.0,10.0,21.5898363784933,Cust_1790
25400,62906.0,96327.0,DebtCon,Other,17.0,0.0,0.0,110.620127059113,1.0,16.0,33.7607483586114,Cust_4846
15300,49421.0,67343.0,DebtCon,Other,4.0,0.0,0.0,57.9294150923502,6.0,22.0,42.9296141850201,Cust_2710
14200,84718.0,103804.0,HomeImp,Other,21.0,0.0,0.0,123.663575066941,4.0,23.0,30.6353481471424,Cust_2344
22100,57018.0,80673.0,DebtCon,Other,12.0,0.0,0.0,108.749256072508,1.0,10.0,7.39014305967844,Cust_4244
22000,15774.0,60115.0,DebtCon,Other,27.0,0.0,1.0,213.414238072811,0.0,24.0,25.5768096521854,Cust_4220
14400,100487.0,118911.0,DebtCon,Other,11.0,0.0,0.0,179.341027021175,0.0,27.0,35.8528637112551,Cust_2401
27500,145774.0,206788.0,HomeImp,ProfExe,4.0,0.0,0.0,191.941018836382,0.0,27.0,38.0011922326317,Cust_5122
5700,71556.0,79538.0,HomeImp,Other,2.0,0.0,0.0,92.6430845555095,0.0,15.0,41.2100124697806,Cust_280
17000,70039.0,100993.0,HomeImp,ProfExe,7.0,0.0,0.0,261.911316983613,1.0,11.0,36.5643303198108,Cust_3131
32200,188427.0,293790.0,DebtCon,Other,27.0,0.0,0.0,157.726290760674,0.0,23.0,37.065758883993,Cust_5441
23400,125750.0,165732.0,DebtCon,ProfExe,6.0,0.0,0.0,195.08453905983,0.0,38.0,20.7330316369529,Cust_4483
19800,69174.0,95154.0,HomeImp,ProfExe,6.0,0.0,0.0,59.4592561915949,0.0,16.0,31.2548216344951,Cust_3741
23000,48003.0,64720.0,DebtCon,Office,4.0,0.0,0.0,160.6060457989,1.0,26.0,33.6299232961703,Cust_4436
19200,62215.0,76573.0,DebtCon,Other,18.0,0.0,0.0,199.875645760559,1.0,21.0,36.0236627700849,Cust_3656
14800,100255.0,116160.0,DebtCon,Other,10.0,0.0,0.0,184.777214159955,0.0,26.0,34.4839903845098,Cust_2469
12700,72760.0,83604.0,DebtCon,Office,6.0,2.0,3.0,189.919424904201,3.0,29.0,37.3685604591242,Cust_1927
28400,183314.0,232345.0,DebtCon,ProfExe,1.0,0.0,0.0,300.904310063723,1.0,32.0,42.3362268959946,Cust_5241
12900,67038.0,110955.0,DebtCon,Office,9.0,0.0,0.0,147.197413657851,0.0,12.0,37.0859860811271,Cust_1998
17200,43996.0,79419.0,DebtCon,Mgr,5.0,0.0,0.0,140.973400968553,0.0,9.0,28.6621734008436,Cust_3209
15600,105959.0,121747.0,DebtCon,Other,0.0,0.0,0.0,120.533131428771,2.0,21.0,39.2948128133476,Cust_2775
7700,76056.0,83643.0,HomeImp,Other,22.0,0.0,0.0,353.19562851413,0.0,47.0,28.5445288671202,Cust_612
10600,66590.0,77465.0,HomeImp,Other,1.0,1.0,0.0,110.771623192463,0.0,6.0,39.7357852579261,Cust_1355
13200,58549.0,81381.0,DebtCon,Office,13.0,0.0,0.0,94.6871066566707,0.0,24.0,38.4127561364894,Cust_2092
11300,74783.0,100909.0,HomeImp,ProfExe,5.0,0.0,0.0,85.6648337216309,0.0,34.0,35.9478547058012,Cust_1556
15400,32131.0,47338.0,HomeImp,Other,9.0,0.0,0.0,93.3731421959804,1.0,11.0,31.4091863558158,Cust_2712
30000,74975.0,118886.0,DebtCon,Mgr,12.0,0.0,0.0,85.0457549038311,0.0,34.0,26.3491319317134,Cust_5319
35100,88197.0,132776.0,DebtCon,Mgr,30.0,0.0,0.0,333.046312262663,0.0,20.0,39.294720942208,Cust_5547
13700,58788.0,87260.0,DebtCon,Office,14.0,0.0,0.0,103.692818360684,0.0,24.0,36.6653185393546,Cust_2227
9100,62976.0,77829.0,HomeImp,Mgr,0.0,0.0,2.0,131.193496032888,0.0,23.0,26.0904189127313,Cust_944
19400,167450.0,200902.0,DebtCon,ProfExe,9.0,0.0,0.0,264.69798241491,1.0,37.0,25.6307987352977,Cust_3684
17100,22162.0,128989.0,DebtCon,Other,11.0,0.0,0.0,367.997093499162,0.0,9.0,40.6409161131414,Cust_3183
18400,72718.0,98065.0,DebtCon,Other,8.0,0.0,0.0,119.057817129327,0.0,19.0,35.3641284331233,Cust_3487
23600,126254.0,169638.0,DebtCon,ProfExe,6.0,0.0,0.0,176.749163093004,0.0,38.0,17.6209202142017,Cust_4530
12700,9038.0,65969.0,HomeImp,Other,7.0,1.0,1.0,346.580102790844,0.0,22.0,13.347212679301,Cust_1943
18200,93702.0,158647.0,HomeImp,ProfExe,4.0,0.0,1.0,96.1777932739955,0.0,16.0,34.7099359776405,Cust_3437
13500,68262.0,93841.0,HomeImp,Office,26.0,0.0,0.0,159.617019987333,1.0,14.0,40.7529803730748,Cust_2158
21300,133942.0,282972.0,HomeImp,Mgr,3.0,0.0,0.0,197.148190530101,0.0,15.0,30.5454006673514,Cust_4062
13800,94843.0,125541.0,HomeImp,Mgr,2.0,0.0,2.0,159.252496841349,0.0,26.0,42.3052397359466,Cust_2247
9500,36114.0,45654.0,DebtCon,Office,0.0,0.0,0.0,83.3332917722511,0.0,9.0,25.3434784486999,Cust_1018
28400,112996.0,175817.0,DebtCon,Sales,17.0,0.0,0.0,303.282055055857,1.0,31.0,36.2890025975597,Cust_5239
14500,78503.0,90558.0,DebtCon,Mgr,19.0,0.0,0.0,250.452289365472,10.0,24.0,36.876234534409,Cust_2418
26000,107291.0,137426.0,DebtCon,Mgr,9.0,2.0,0.0,191.573440027448,4.0,18.0,40.7674014115601,Cust_4929
16800,58193.0,82942.0,DebtCon,Other,1.0,0.0,0.0,320.063009656906,3.0,16.0,42.8459628628781,Cust_3103
7400,51974.0,59323.0,HomeImp,Other,4.0,0.0,0.0,83.3467118796305,0.0,18.0,23.3976346284978,Cust_553
14500,52440.0,62150.0,DebtCon,Other,4.0,0.0,0.0,174.67690037862,0.0,13.0,27.1917209087646,Cust_2403
11800,65062.0,78004.0,HomeImp,Office,12.0,0.0,0.0,251.144195708189,0.0,31.0,43.3723728187719,Cust_1654
10600,46972.0,80147.0,HomeImp,Office,12.0,3.0,0.0,244.233530118368,2.0,29.0,32.6565312967433,Cust_1356
31400,12617.0,36082.0,DebtCon,Other,30.0,0.0,0.0,205.459887400128,0.0,15.0,41.9790006673983,Cust_5402
11800,67336.0,82218.0,DebtCon,Office,12.0,0.0,0.0,255.313534759747,3.0,36.0,40.8784282414515,Cust_1655
23700,87141.0,140428.0,DebtCon,ProfExe,22.0,1.0,0.0,169.283631429005,1.0,25.0,40.9806156451398,Cust_4547
8400,78089.0,90660.0,DebtCon,Mgr,9.0,0.0,0.0,118.635394671357,0.0,22.0,27.0930411199355,Cust_781
11500,70409.0,89099.0,DebtCon,ProfExe,9.0,0.0,0.0,169.40165199478,0.0,11.0,40.1744300564772,Cust_1582
12600,80612.0,93802.0,DebtCon,Mgr,5.0,0.0,0.0,141.61314557949,2.0,26.0,40.7490388800991,Cust_1900
13300,81574.0,103760.0,HomeImp,ProfExe,6.0,0.0,0.0,118.9184939919,0.0,27.0,24.7696219307089,Cust_2121
15800,46716.0,60231.0,DebtCon,Other,3.0,0.0,0.0,191.323736893294,0.0,13.0,28.0536044805374,Cust_2840
28200,148455.0,191419.0,HomeImp,Self,1.0,0.0,0.0,186.983042875182,0.0,17.0,39.5633030745542,Cust_5217
22400,52597.0,69312.0,DebtCon,Office,2.0,0.0,0.0,224.24133068288,0.0,12.0,33.824107890145,Cust_4292
22200,57458.0,102195.0,HomeImp,ProfExe,18.0,0.0,0.0,628.158061606929,1.0,24.0,20.4962161030323,Cust_4262
27700,77886.0,114494.0,DebtCon,ProfExe,9.0,0.0,0.0,118.471353785231,0.0,18.0,28.3440783908004,Cust_5157
43300,217840.0,299171.0,DebtCon,ProfExe,31.0,0.0,0.0,232.270067764549,1.0,24.0,43.1146909002469,Cust_5747
4400,53091.0,64074.0,DebtCon,Office,14.0,1.0,3.0,89.8610582497177,0.0,17.0,39.1580848338213,Cust_113
25700,32613.0,63065.0,DebtCon,Other,0.0,0.0,0.0,218.485275072638,0.0,22.0,41.2101070418675,Cust_4897
15400,73793.0,86176.0,DebtCon,Other,2.0,1.0,0.0,229.369376069226,3.0,26.0,30.9585199882363,Cust_2729
13000,29461.0,49326.0,HomeImp,ProfExe,11.0,0.0,0.0,171.597668532599,1.0,8.0,38.9179998793863,Cust_2025
19000,62356.0,92299.0,DebtCon,Office,0.0,0.0,0.0,60.2941431748529,0.0,23.0,34.8169595036409,Cust_3611
14700,14275.0,90376.0,HomeImp,Other,14.0,0.0,1.0,273.602517140776,0.0,23.0,26.8424797397212,Cust_2460
28100,32470.0,54522.0,DebtCon,Other,35.0,0.0,0.0,295.496683511128,0.0,23.0,38.7994829001741,Cust_5202
26800,149729.0,183027.0,DebtCon,ProfExe,7.0,0.0,0.0,331.256557107573,0.0,34.0,37.0008832207606,Cust_5033
18700,47903.0,63933.0,HomeImp,Office,3.0,0.0,0.0,120.418041935723,1.0,17.0,32.9775966531306,Cust_3553
16100,63152.0,85097.0,DebtCon,Office,5.0,0.0,0.0,102.400897788298,1.0,20.0,24.1755329135365,Cust_2922
12000,97650.0,115931.0,DebtCon,ProfExe,11.0,0.0,0.0,199.828042009288,1.0,17.0,34.3879439729768,Cust_1754
12300,89333.0,106107.0,HomeImp,Other,19.0,0.0,0.0,120.25788605433,3.0,24.0,28.7747021331055,Cust_1814
17800,36902.0,57622.0,HomeImp,Other,9.0,0.0,0.0,121.879702651786,0.0,10.0,19.14211656788,Cust_3356
21200,23088.0,56535.0,DebtCon,Other,27.0,0.0,1.0,216.156017395336,0.0,24.0,27.395233881611,Cust_4046
12000,76799.0,83864.0,DebtCon,Mgr,8.0,0.0,0.0,102.204274329092,0.0,22.0,27.1719300801549,Cust_1698
15600,62582.0,131510.0,DebtCon,Self,2.0,0.0,2.0,122.604052866566,1.0,17.0,38.5882223974672,Cust_2782
23400,72262.0,94646.0,DebtCon,Other,2.0,0.0,0.0,105.999265638775,1.0,29.0,31.8406351000958,Cust_4480
18500,102472.0,115719.0,DebtCon,ProfExe,0.0,0.0,0.0,120.090264563565,0.0,30.0,34.2434409634366,Cust_3504
26800,145745.0,211400.0,HomeImp,ProfExe,6.0,0.0,0.0,184.711634692129,1.0,27.0,39.8483912320474,Cust_5043
15600,74156.0,101136.0,DebtCon,Mgr,11.0,0.0,3.0,107.388467590142,0.0,24.0,27.6960009295149,Cust_2777
22400,81617.0,125950.0,DebtCon,Other,9.0,0.0,0.0,289.519698735509,1.0,16.0,35.5136585035611,Cust_4316
28200,90485.0,123674.0,DebtCon,Other,1.0,0.0,1.0,189.734741890766,2.0,25.0,41.6769855437973,Cust_5207
8800,33395.0,51057.0,DebtCon,Office,2.0,0.0,0.0,80.8224796907253,1.0,20.0,16.8830310139028,Cust_875
13900,85358.0,101401.0,DebtCon,Other,0.0,0.0,0.0,145.794106137502,0.0,22.0,40.1144114385193,Cust_2291
18300,40018.0,65355.0,DebtCon,Other,16.0,1.0,0.0,287.974629792022,0.0,21.0,28.3628829653854,Cust_3460
12700,58293.0,82594.0,DebtCon,Office,13.0,0.0,0.0,105.050414964848,0.0,23.0,36.7004455439795,Cust_1932
11200,17411.0,86102.0,DebtCon,Other,10.0,0.0,0.0,267.970109449693,0.0,13.0,22.0891999181962,Cust_1523
31000,67794.0,103535.0,DebtCon,Mgr,7.0,0.0,1.0,116.898989879919,1.0,31.0,44.0654287819869,Cust_5384
48200,93127.0,159179.0,DebtCon,Other,16.0,0.0,0.0,216.008620379268,8.0,19.0,38.1282280350096,Cust_5796
15800,41661.0,80457.0,DebtCon,Mgr,3.0,0.0,1.0,137.317507808369,0.0,8.0,27.4340948486813,Cust_2836
18800,7739.0,65181.0,DebtCon,Sales,0.0,0.0,0.0,315.230897539681,0.0,6.0,37.9835577758651,Cust_3578
12200,61302.0,90873.0,DebtCon,Other,2.0,0.0,0.0,35.9735416123737,1.0,4.0,39.9736131545033,Cust_1806
32400,128523.0,179390.0,DebtCon,Mgr,13.0,0.0,0.0,150.084287111049,1.0,28.0,43.1443455093886,Cust_5454
14900,97930.0,113886.0,DebtCon,Office,3.0,0.0,0.0,267.827258296818,0.0,33.0,28.4202933453118,Cust_2508
15300,57840.0,86903.0,DebtCon,Other,0.0,0.0,0.0,110.827224415471,4.0,11.0,38.8261775228782,Cust_2683
14800,30282.0,61986.0,DebtCon,ProfExe,7.0,0.0,0.0,249.248804578026,0.0,16.0,21.0092808873995,Cust_2480
16900,131002.0,166859.0,DebtCon,Office,4.0,0.0,0.0,135.856423159729,0.0,20.0,28.151885281099,Cust_3108
42300,367089.0,469771.0,HomeImp,ProfExe,3.0,0.0,0.0,310.051523532275,4.0,14.0,42.6036408737645,Cust_5721
9200,19756.0,26140.0,DebtCon,Other,0.0,1.0,0.0,0.486711450808191,9.0,7.0,27.0752566434141,Cust_954
18800,77025.0,103322.0,HomeImp,ProfExe,8.0,0.0,0.0,87.1337220984784,0.0,15.0,33.4058968384685,Cust_3571
31200,234304.0,290923.0,DebtCon,ProfExe,14.0,0.0,1.0,260.919775871506,2.0,26.0,27.0572342920616,Cust_5393
24500,134188.0,171658.0,DebtCon,Other,5.0,1.0,0.0,219.167577920443,0.0,20.0,34.9861405716632,Cust_4665
33500,73761.0,117729.0,DebtCon,Mgr,11.0,0.0,0.0,62.120909614313,0.0,35.0,25.4616140711408,Cust_5492
23700,62949.0,99295.0,HomeImp,Office,15.0,0.0,0.0,145.355280273834,0.0,14.0,36.0327602923302,Cust_4544
27000,54515.0,82539.0,DebtCon,Other,20.0,0.0,0.0,203.861398901214,0.0,26.0,37.112352280385,Cust_5068
10100,57881.0,69554.0,HomeImp,Other,29.0,0.0,3.0,189.924522429102,1.0,24.0,34.6104554297777,Cust_1221
21300,55140.0,81692.0,DebtCon,Other,12.0,0.0,0.0,109.900685693961,1.0,10.0,4.38498322201659,Cust_4081
19900,170947.0,222227.0,DebtCon,Office,13.0,0.0,0.0,220.016463897914,1.0,31.0,42.2357963578337,Cust_3751
8000,92487.0,113947.0,DebtCon,Other,8.0,0.0,3.0,151.817388717885,0.0,19.0,26.4575244491769,Cust_682
23500,133197.0,168990.0,DebtCon,Other,8.0,1.0,0.0,214.284599381021,0.0,19.0,36.6426290394425,Cust_4496
9800,54681.0,74097.0,DebtCon,Other,2.0,0.0,1.0,106.888893743585,3.0,18.0,36.6186608621798,Cust_1089
24100,184697.0,238729.0,DebtCon,ProfExe,2.0,0.0,0.0,317.692556778085,0.0,26.0,37.7820362844747,Cust_4603
23800,188250.0,233800.0,DebtCon,ProfExe,2.0,0.0,0.0,307.572752633131,1.0,27.0,36.6907244026478,Cust_4556
26400,44333.0,68945.0,DebtCon,Office,18.0,0.0,0.0,173.49539210953,2.0,21.0,32.3494120518302,Cust_4989
28300,72572.0,117311.0,DebtCon,Other,6.0,0.0,0.0,85.7972481521314,1.0,32.0,39.8765037007055,Cust_5222
16300,7774.0,88649.0,HomeImp,Other,14.0,0.0,1.0,257.9159219125,0.0,22.0,28.1304787798368,Cust_2964
20500,41899.0,65418.0,DebtCon,Office,12.0,0.0,2.0,113.482459820948,1.0,22.0,43.2065988330574,Cust_3914
12200,86775.0,111572.0,DebtCon,ProfExe,0.0,1.0,1.0,138.610080494736,1.0,33.0,34.3518083559125,Cust_1811
18300,109192.0,139384.0,DebtCon,ProfExe,6.0,0.0,0.0,122.865575822444,0.0,14.0,29.3975931037951,Cust_3467
38200,147457.0,210065.0,HomeImp,ProfExe,3.0,0.0,0.0,148.733184891502,0.0,31.0,35.8949254299956,Cust_5623
28100,96160.0,128767.0,DebtCon,Office,10.0,0.0,1.0,154.672858028595,0.0,29.0,41.1179445766229,Cust_5200
28800,132019.0,168828.0,DebtCon,Mgr,0.0,0.0,0.0,231.286134011998,1.0,24.0,35.4903056707607,Cust_5270
19600,33284.0,61824.0,DebtCon,Other,14.0,0.0,0.0,119.473072911562,1.0,17.0,37.7845236660561,Cust_3716
24400,237543.0,261393.0,HomeImp,Self,3.0,1.0,0.0,254.517448026302,2.0,50.0,37.9065856695066,Cust_4641
11700,47072.0,85090.0,HomeImp,Other,18.0,0.0,0.0,192.253182277377,0.0,16.0,35.0648646751255,Cust_1620
10400,57816.0,82047.0,HomeImp,Other,3.0,0.0,1.0,176.65689456268,0.0,12.0,30.6742052881393,Cust_1299
11600,57939.0,69774.0,DebtCon,Mgr,5.0,0.0,0.0,91.991645920292,0.0,12.0,72.264093333317,Cust_1601
10200,79257.0,105912.0,HomeImp,ProfExe,3.0,0.0,0.0,95.3553724900047,0.0,33.0,39.3913651950803,Cust_1265
26800,124199.0,166404.0,DebtCon,Mgr,1.0,0.0,0.0,243.942099541306,2.0,23.0,34.5096568844745,Cust_5040
11300,16115.0,69113.0,DebtCon,ProfExe,22.0,0.0,2.0,403.514999660753,0.0,12.0,22.16824452429,Cust_1549
7700,51045.0,91068.0,HomeImp,Other,20.0,0.0,0.0,179.240935568564,0.0,28.0,27.2310939697088,Cust_614
11900,56443.0,86913.0,DebtCon,Office,12.0,0.0,0.0,119.859409671183,0.0,24.0,38.8616569685618,Cust_1668
18100,53524.0,102133.0,HomeImp,Other,0.0,0.0,3.0,52.9423873901977,1.0,9.0,40.616797273693,Cust_3420
14700,10098.0,51653.0,DebtCon,ProfExe,3.0,0.0,0.0,302.652471997624,0.0,16.0,18.4239238158073,Cust_2450
15000,81483.0,134347.0,DebtCon,ProfExe,14.0,0.0,0.0,305.915075734737,0.0,18.0,29.6535634835919,Cust_2519
6200,73881.0,98550.0,HomeImp,Other,0.0,0.0,1.0,182.878779801537,0.0,31.0,37.1994456904938,Cust_355
27300,53223.0,86696.0,DebtCon,Office,0.0,0.0,0.0,96.0706878760513,0.0,22.0,34.5177905048653,Cust_5100
6500,63144.0,76754.0,HomeImp,Mgr,2.0,0.0,2.0,129.077711596894,0.0,23.0,29.0554331278081,Cust_399
16400,65898.0,85424.0,HomeImp,ProfExe,10.0,0.0,1.0,173.533210413417,0.0,14.0,26.9319948584689,Cust_3004
13700,70763.0,78449.0,DebtCon,Office,12.0,0.0,0.0,271.656724247896,5.0,36.0,40.5619836450284,Cust_2236
15200,71233.0,84439.0,DebtCon,Other,1.0,0.0,0.0,242.983321412212,2.0,26.0,32.2100503567001,Cust_2675
25000,47032.0,75957.0,DebtCon,Other,9.0,0.0,7.0,259.46652785109,3.0,22.0,40.7879757488184,Cust_4720
28200,61038.0,87534.0,DebtCon,Other,8.0,0.0,0.0,137.487819254041,3.0,30.0,39.3600186008448,Cust_5211
8500,79484.0,87893.0,DebtCon,Other,1.0,0.0,0.0,123.618803093921,1.0,10.0,35.7590838520178,Cust_813
28300,68959.0,102048.0,DebtCon,ProfExe,12.0,0.0,0.0,278.714704243969,1.0,32.0,39.9327501263762,Cust_5227
16500,126872.0,167611.0,DebtCon,Office,5.0,0.0,0.0,136.122434749651,1.0,21.0,26.4045284072796,Cust_3031
16700,59207.0,83146.0,DebtCon,Other,2.0,0.0,0.0,309.496387979535,3.0,15.0,43.4880664104075,Cust_3075
23500,190239.0,233603.0,DebtCon,ProfExe,3.0,0.0,0.0,285.331292649804,0.0,27.0,39.9164829660144,Cust_4512
26600,122501.0,153280.0,DebtCon,Mgr,2.0,0.0,0.0,289.581722986108,0.0,25.0,38.1297117958216,Cust_5022
20100,16755.0,29412.0,HomeImp,Other,3.0,1.0,0.0,62.0501108014639,2.0,21.0,58.1321828986761,Cust_3838
21300,68544.0,89908.0,DebtCon,Other,3.0,0.0,0.0,101.774020128555,2.0,30.0,32.825450580742,Cust_4080
20900,122807.0,150896.0,DebtCon,Other,5.0,0.0,0.0,123.479537698186,2.0,13.0,30.4244811041022,Cust_4000
17300,51185.0,65537.0,DebtCon,Other,6.0,0.0,1.0,129.837941192353,3.0,49.0,29.3115940644693,Cust_3230
27600,131887.0,174323.0,DebtCon,Mgr,0.0,0.0,0.0,243.053712953305,2.0,24.0,35.2718670322848,Cust_5136
12200,53242.0,70400.0,DebtCon,Other,14.0,0.0,0.0,169.930663518634,0.0,18.0,34.6294276562098,Cust_1808
9600,46683.0,61773.0,DebtCon,Office,1.0,0.0,0.0,171.05844903103,1.0,20.0,38.0052893115698,Cust_1046
26200,75096.0,120859.0,DebtCon,Other,4.0,0.0,0.0,107.177117681418,2.0,31.0,38.5529787481544,Cust_4954
7100,98490.0,114457.0,HomeImp,Office,23.0,0.0,0.0,116.100087143304,0.0,11.0,35.6018942506248,Cust_509
13400,87175.0,115530.0,HomeImp,ProfExe,13.0,0.0,1.0,180.945106390481,1.0,27.0,33.9000564175891,Cust_2157
12700,107653.0,129752.0,HomeImp,ProfExe,8.0,0.0,0.0,181.027275303113,2.0,32.0,29.466721026854,Cust_1948
29200,139299.0,180818.0,DebtCon,ProfExe,1.0,0.0,0.0,226.861144884532,1.0,19.0,40.8173092460108,Cust_5296
10100,47426.0,68820.0,DebtCon,Other,16.0,0.0,4.0,220.7609123042,0.0,36.0,24.0195126899562,Cust_1220
28100,112564.0,162129.0,DebtCon,ProfExe,7.0,0.0,0.0,115.564462020983,2.0,26.0,33.0916814722594,Cust_5205
17200,52276.0,69860.0,DebtCon,Office,0.0,0.0,0.0,180.931487747979,0.0,25.0,30.5879669835782,Cust_3219
8400,62583.0,77481.0,DebtCon,Office,6.0,0.0,0.0,98.6727050885505,2.0,15.0,26.3083803289655,Cust_768
5500,93051.0,115374.0,HomeImp,ProfExe,6.0,0.0,0.0,187.020518788362,1.0,27.0,27.6467485047862,Cust_249
20200,41479.0,70102.0,DebtCon,Office,5.0,0.0,0.0,172.911714875671,2.0,26.0,33.8346711742807,Cust_3869
9200,72859.0,88183.0,DebtCon,Mgr,8.0,0.0,0.0,105.655205234973,0.0,23.0,29.0072077743556,Cust_958
23400,64332.0,95770.0,HomeImp,Office,13.0,0.0,0.0,128.239222507612,0.0,13.0,35.1576456125861,Cust_4477
13900,88746.0,108160.0,HomeImp,Mgr,9.0,0.0,0.0,234.948951076851,0.0,25.0,30.9514373693622,Cust_2292
17200,7044.0,57831.0,DebtCon,Sales,0.0,0.0,0.0,330.97090434443,0.0,6.0,37.9433151392701,Cust_3204
65200,71061.0,141666.0,HomeImp,Office,10.0,0.0,1.0,134.680906720308,0.0,11.0,43.568863830063,Cust_5911
19900,25589.0,90051.0,DebtCon,ProfExe,8.0,0.0,0.0,138.990514368802,0.0,20.0,30.2710924446495,Cust_3749
18900,127269.0,203737.0,HomeImp,ProfExe,14.0,0.0,0.0,206.20003675961,0.0,21.0,36.2728583590094,Cust_3585
25100,108235.0,201918.0,DebtCon,Other,24.0,0.0,0.0,199.486463657085,0.0,19.0,23.6523398134449,Cust_4811
16900,47129.0,62342.0,DebtCon,Other,15.0,0.0,0.0,290.148921221638,0.0,21.0,30.3185967953217,Cust_3112
22300,133995.0,281186.0,HomeImp,Mgr,2.0,0.0,0.0,181.153988179246,0.0,15.0,28.8992996109181,Cust_4285
16400,62018.0,91832.0,DebtCon,ProfExe,9.0,0.0,0.0,202.322500203927,0.0,19.0,20.3804642098725,Cust_2996
13300,50039.0,63784.0,DebtCon,Other,3.0,0.0,0.0,176.846195506285,0.0,13.0,27.8655887326345,Cust_2130
9700,45907.0,57507.0,DebtCon,Other,6.0,0.0,0.0,81.2294486369253,0.0,11.0,29.0375742227992,Cust_1055
21200,113648.0,145650.0,DebtCon,Office,11.0,0.0,1.0,231.019244281315,0.0,24.0,41.5593036708838,Cust_4061
28900,75887.0,117989.0,DebtCon,Other,4.0,0.0,0.0,92.0905421507473,2.0,32.0,40.7788884255937,Cust_5284
10000,64375.0,72418.0,DebtCon,ProfExe,14.0,0.0,0.0,207.617306436515,3.0,31.0,38.867949083358,Cust_1207
16000,77067.0,94613.0,DebtCon,Other,5.0,0.0,0.0,207.413390399939,3.0,18.0,41.0589890671237,Cust_2904
12400,57105.0,74582.0,DebtCon,Other,12.0,0.0,0.0,134.031767869893,0.0,20.0,36.9257364142946,Cust_1859
7000,58114.0,93391.0,HomeImp,ProfExe,6.0,0.0,0.0,200.077755069766,1.0,24.0,31.7365117864388,Cust_504
15000,84832.0,107207.0,HomeImp,Other,19.0,0.0,0.0,124.45053233813,4.0,23.0,28.5581834813106,Cust_2619
14800,73887.0,109451.0,DebtCon,Other,6.0,0.0,0.0,81.3148186386777,2.0,13.0,33.981408347544,Cust_2487
26800,35485.0,74949.0,DebtCon,Mgr,14.0,0.0,0.0,84.7666248122978,5.0,15.0,36.1914585473442,Cust_5042
13600,115816.0,212995.0,HomeImp,ProfExe,1.0,0.0,0.0,114.843030499148,1.0,14.0,26.325111199997,Cust_2190
15100,73505.0,109656.0,DebtCon,Other,5.0,0.0,0.0,81.9641512859383,2.0,13.0,36.4612105362309,Cust_2626
14800,63508.0,87310.0,DebtCon,Other,2.0,0.0,0.0,127.165229942719,3.0,10.0,38.9537226822477,Cust_2483
31800,126316.0,180750.0,DebtCon,Mgr,14.0,0.0,0.0,167.857255847977,2.0,28.0,42.6334371830166,Cust_5418
27300,140773.0,188414.0,DebtCon,ProfExe,12.0,0.0,0.0,144.093464848679,0.0,37.0,41.4828036849912,Cust_5109
9400,61185.0,65302.0,DebtCon,Other,1.0,0.0,2.0,117.171004442759,2.0,18.0,35.6119438764555,Cust_1001
25400,107343.0,192642.0,DebtCon,Other,1.0,0.0,10.0,192.671693096937,1.0,14.0,35.7597602389193,Cust_4839
4800,56067.0,63102.0,DebtCon,ProfExe,9.0,0.0,3.0,160.146311284359,1.0,30.0,21.5837601207121,Cust_132
19200,31307.0,60202.0,DebtCon,ProfExe,18.0,0.0,0.0,170.581299100428,1.0,20.0,35.6005449525782,Cust_3660
22700,108488.0,139559.0,HomeImp,ProfExe,11.0,0.0,0.0,190.972778497357,0.0,23.0,34.0800162313786,Cust_4372
14400,80123.0,102223.0,DebtCon,ProfExe,9.0,2.0,0.0,176.418282998266,0.0,30.0,27.6449546235357,Cust_2398
19000,22236.0,169461.0,HomeImp,Self,7.0,0.0,0.0,296.080193692498,0.0,27.0,27.6400180571014,Cust_3617
9400,109991.0,125146.0,DebtCon,Self,7.0,0.0,1.0,171.679811143281,0.0,18.0,34.8134685936912,Cust_1002
12800,75139.0,105289.0,HomeImp,ProfExe,8.0,0.0,0.0,151.851165892226,0.0,35.0,31.2107047371616,Cust_1976
27600,54584.0,86568.0,DebtCon,Other,22.0,0.0,0.0,214.815737296941,1.0,27.0,35.223970798335,Cust_5131
21400,64378.0,99343.0,HomeImp,ProfExe,18.0,0.0,0.0,627.702389544474,1.0,23.0,20.6887148224417,Cust_4098
14800,53738.0,66258.0,DebtCon,Other,7.0,0.0,0.0,240.863441437965,0.0,17.0,34.5324960846279,Cust_2470
19000,130291.0,168187.0,DebtCon,Office,3.0,0.0,0.0,140.689342877708,0.0,20.0,24.7881502072179,Cust_3615
52800,53532.0,68305.0,DebtCon,Office,11.0,0.0,0.0,91.1332253143372,1.0,25.0,40.6696868208608,Cust_5869
22800,52644.0,96376.0,DebtCon,Other,7.0,0.0,0.0,238.380145234606,0.0,19.0,34.94670077029,Cust_4389
42000,9999.0,50681.0,HomeImp,ProfExe,3.0,0.0,0.0,326.067985652642,5.0,15.0,12.3867413108129,Cust_5711
10300,79243.0,89840.0,DebtCon,Office,16.0,0.0,0.0,87.8253461761612,0.0,9.0,24.4793732183889,Cust_1271
18600,23850.0,61808.0,HomeImp,Other,12.0,0.0,0.0,46.9461640522311,0.0,8.0,40.8529275031075,Cust_3522
19400,109812.0,172705.0,DebtCon,Office,5.0,0.0,0.0,204.105414890902,3.0,23.0,43.3384072060969,Cust_3688
23900,140328.0,183533.0,HomeImp,Mgr,8.0,0.0,0.0,322.78811436112,0.0,17.0,45.4131775545064,Cust_4579
8200,76268.0,89166.0,HomeImp,Other,23.0,0.0,0.0,341.855347202787,1.0,46.0,29.8695766438402,Cust_724
8600,57727.0,70828.0,HomeImp,Other,5.0,0.0,0.0,87.8453109737475,3.0,19.0,41.7535249901812,Cust_826
18800,88828.0,116683.0,DebtCon,ProfExe,6.0,0.0,0.0,141.841397980735,1.0,20.0,21.6792783393428,Cust_3584
6300,12476.0,32559.0,HomeImp,Office,12.0,3.0,6.0,227.129905110234,0.0,23.0,23.319516780162,Cust_375
23400,90924.0,116819.0,DebtCon,Other,24.0,0.0,0.0,245.897861621334,1.0,27.0,40.8574270369287,Cust_4487
12600,58247.0,72189.0,HomeImp,Other,30.0,0.0,3.0,198.243175967566,0.0,23.0,35.7942598417701,Cust_1916
12800,40932.0,72172.0,DebtCon,Other,20.0,0.0,0.0,162.044010394215,0.0,16.0,37.518365749865,Cust_1956
8300,14601.0,66143.0,HomeImp,Office,24.0,0.0,0.0,320.234882209835,1.0,12.0,40.0150705676084,Cust_743
16000,65901.0,85627.0,DebtCon,Office,5.0,0.0,0.0,117.357032465977,0.0,20.0,21.4453414169957,Cust_2910
18700,93210.0,109980.0,DebtCon,ProfExe,7.0,0.0,0.0,145.485926512342,2.0,20.0,22.4962355191802,Cust_3560
12700,29471.0,48362.0,HomeImp,Other,9.0,0.0,0.0,79.9028714135834,0.0,4.0,36.02060790116,Cust_1926
6500,58689.0,72557.0,DebtCon,Other,0.0,0.0,1.0,94.0080528602672,2.0,18.0,34.8984130655734,Cust_415
33000,232113.0,46286.0,DebtCon,Mgr,3.0,0.0,1.0,214.352957800361,2.0,50.0,42.5120000161799,Cust_5473
48800,47476.0,105332.0,HomeImp,Self,9.0,0.0,0.0,194.138918525905,3.0,36.0,40.653434674327,Cust_5798
15600,83758.0,106992.0,HomeImp,ProfExe,3.0,0.0,0.0,127.665817666375,1.0,24.0,39.0145193892599,Cust_2765
34400,97971.0,145124.0,DebtCon,Other,13.0,0.0,0.0,67.8320416646805,1.0,36.0,40.4027058419691,Cust_5527
12900,19688.0,77998.0,DebtCon,ProfExe,20.0,0.0,2.0,407.261166880767,0.0,12.0,22.83907899328,Cust_2010
14600,16535.0,46993.0,HomeImp,Office,24.0,0.0,0.0,260.891533187301,0.0,20.0,28.1898370996536,Cust_2431
21400,41671.0,103427.0,HomeImp,Other,6.0,0.0,0.0,122.153344153982,0.0,15.0,31.614679533874,Cust_4101
35000,240994.0,39401.0,DebtCon,Mgr,3.0,0.0,1.0,210.501817360725,3.0,50.0,42.9675116347976,Cust_5540
9400,53756.0,76077.0,HomeImp,Office,12.0,2.0,0.0,244.116652923577,2.0,29.0,33.374570630898,Cust_1005
50400,168561.0,244322.0,DebtCon,Office,16.0,0.0,1.0,184.523285347634,3.0,47.0,47.4173760452156,Cust_5833
27400,99900.0,143437.0,DebtCon,Mgr,21.0,0.0,0.0,211.108277135022,0.0,12.0,39.1102976249579,Cust_5110
13600,81620.0,101933.0,DebtCon,Other,1.0,0.0,0.0,148.06729075543,0.0,22.0,41.6128989788065,Cust_2206
15100,81461.0,93548.0,DebtCon,Other,2.0,0.0,0.0,160.103600001278,0.0,22.0,41.007363530927,Cust_2623
18000,100822.0,118817.0,DebtCon,ProfExe,0.0,0.0,0.0,126.426439743369,0.0,30.0,37.8774110674241,Cust_3407
28400,197852.0,243593.0,DebtCon,Other,10.0,0.0,0.0,111.108680129804,2.0,26.0,41.2149653389188,Cust_5236
13000,39386.0,53149.0,DebtCon,Other,4.0,0.0,0.0,110.477956603543,1.0,16.0,38.5217590050594,Cust_2028
7600,58622.0,77726.0,HomeImp,Other,15.0,0.0,0.0,249.633760670996,2.0,36.0,34.8820664393911,Cust_598
22200,137889.0,182973.0,HomeImp,Mgr,6.0,0.0,0.0,317.356124875851,0.0,17.0,44.9687136921933,Cust_4267
11000,77723.0,107245.0,HomeImp,ProfExe,5.0,0.0,0.0,115.558529618453,0.0,26.0,26.9119296602355,Cust_1478
11900,97506.0,110902.0,DebtCon,Other,17.0,0.0,1.0,196.568127950408,2.0,15.0,37.9989913801099,Cust_1685
22800,49361.0,81914.0,DebtCon,Mgr,4.0,0.0,0.0,264.937066183393,2.0,25.0,32.0102446083912,Cust_4378
21600,105654.0,155460.0,DebtCon,Mgr,16.0,0.0,0.0,193.048803184067,0.0,25.0,33.6006084625752,Cust_4132
4800,80482.0,88342.0,HomeImp,ProfExe,7.0,0.0,0.0,275.032394832909,0.0,11.0,43.7176351117471,Cust_133
23600,140284.0,182591.0,DebtCon,ProfExe,21.0,0.0,0.0,224.941346730355,0.0,24.0,41.871755799191,Cust_4532
21200,70400.0,96999.0,HomeImp,Office,14.0,0.0,0.0,135.264537046324,0.0,13.0,38.8231696313588,Cust_4057
16100,107758.0,124610.0,DebtCon,ProfExe,0.0,0.0,0.0,129.178898129411,0.0,29.0,34.2115674001172,Cust_2920
21600,105759.0,139002.0,DebtCon,Office,11.0,0.0,2.0,213.034521760082,0.0,24.0,40.9030584016969,Cust_4135
25100,137489.0,168216.0,DebtCon,Other,7.0,1.0,0.0,211.208980931168,1.0,20.0,34.7679488454284,Cust_4810
52000,31305.0,83147.0,HomeImp,Other,3.0,1.0,0.0,268.385807714115,7.0,14.0,42.4029334664358,Cust_5860
8600,45960.0,57473.0,DebtCon,Mgr,4.0,0.0,0.0,189.768060128538,0.0,22.0,26.7544115537472,Cust_831
6400,28041.0,33438.0,DebtCon,Other,1.0,1.0,0.0,10.4256428502579,10.0,6.0,29.7537002832693,Cust_393
28000,58002.0,86427.0,DebtCon,Other,9.0,0.0,1.0,129.575351972219,2.0,29.0,39.3626932158567,Cust_5188
47700,93909.0,154158.0,DebtCon,Other,14.0,0.0,0.0,227.228260197709,8.0,19.0,41.3381247239225,Cust_5792
19700,49793.0,113200.0,DebtCon,ProfExe,16.0,0.0,0.0,251.104197914588,0.0,19.0,25.0337457549962,Cust_3722
13800,85805.0,135789.0,DebtCon,ProfExe,15.0,0.0,0.0,303.688229716028,0.0,18.0,27.8690792118009,Cust_2254
12600,125688.0,198602.0,HomeImp,Office,0.0,0.0,1.0,344.747933496554,0.0,16.0,39.4838200728008,Cust_1906
16600,74784.0,100221.0,DebtCon,Mgr,1.0,0.0,0.0,90.0504475097422,0.0,17.0,25.7083938017713,Cust_3054
12800,42801.0,51123.0,HomeImp,Other,23.0,0.0,1.0,127.839662039968,0.0,22.0,39.3895946051039,Cust_1972
16300,69327.0,102426.0,HomeImp,ProfExe,8.0,0.0,0.0,246.754666108708,1.0,12.0,36.4090944983573,Cust_2976
17500,103562.0,130613.0,DebtCon,Other,1.0,0.0,0.0,288.008478273354,0.0,47.0,39.3583575323496,Cust_3294
15300,109767.0,117552.0,DebtCon,ProfExe,0.0,0.0,0.0,125.942592299785,0.0,30.0,37.6893930396435,Cust_2701
9600,42357.0,99756.0,HomeImp,Office,4.0,1.0,4.0,354.650224947891,0.0,30.0,36.5251729281876,Cust_1041
9000,52257.0,58275.0,DebtCon,Sales,5.0,0.0,0.0,80.2518009846173,0.0,21.0,34.1447259470097,Cust_913
23500,37858.0,60890.0,DebtCon,Other,2.0,0.0,0.0,110.057273771821,0.0,17.0,19.268439553044,Cust_4505
21200,69212.0,106273.0,DebtCon,ProfExe,12.0,0.0,1.0,97.2311228003272,0.0,22.0,18.1148958302172,Cust_4051
11800,118053.0,125325.0,DebtCon,Self,5.0,0.0,0.0,181.172065126458,0.0,18.0,33.2003973245157,Cust_1646
20800,176235.0,209695.0,DebtCon,Other,9.0,3.0,0.0,159.706770273737,0.0,25.0,38.5919399705259,Cust_3963
11500,59781.0,69864.0,DebtCon,Other,4.0,0.0,1.0,312.547396037866,0.0,9.0,31.1818013536333,Cust_1595
8400,17479.0,66894.0,HomeImp,Office,23.0,0.0,0.0,326.342804682573,1.0,13.0,40.5885760663443,Cust_765
15200,7879.0,95124.0,HomeImp,Other,13.0,0.0,1.0,270.285899236225,0.0,22.0,29.1601408231725,Cust_2670
53000,180371.0,256589.0,DebtCon,ProfExe,4.0,0.0,0.0,240.157801982913,1.0,33.0,36.4776178065863,Cust_5871
4400,53969.0,63869.0,DebtCon,ProfExe,7.0,0.0,3.0,162.390010669274,0.0,30.0,23.5810792388306,Cust_111
17200,52011.0,65800.0,DebtCon,Other,7.0,0.0,1.0,120.323979222485,2.0,48.0,30.5565118731496,Cust_3207
13500,89184.0,116848.0,DebtCon,ProfExe,13.0,0.0,0.0,174.506408188019,1.0,18.0,36.0108915175921,Cust_2179
27100,44095.0,77587.0,DebtCon,Mgr,14.0,1.0,0.0,92.140029015036,6.0,15.0,33.5355472010726,Cust_5078
19300,39926.0,101208.0,HomeImp,Other,4.0,0.0,0.0,140.051638252168,0.0,14.0,31.5456941536095,Cust_3673
32100,120725.0,168783.0,DebtCon,ProfExe,15.0,0.0,0.0,121.560419915913,1.0,17.0,27.9022216065844,Cust_5438
11900,56792.0,64130.0,DebtCon,Mgr,13.0,0.0,0.0,118.612590217512,1.0,18.0,32.6657463040975,Cust_1671
22000,71664.0,98015.0,DebtCon,Mgr,9.0,0.0,0.0,191.3136088109,1.0,19.0,34.921021057135,Cust_4217
21100,63955.0,95621.0,HomeImp,ProfExe,19.0,0.0,0.0,626.297093666591,0.0,24.0,20.0103235704127,Cust_4040
7100,120176.0,180104.0,DebtCon,Other,8.0,0.0,0.0,221.607324188209,0.0,18.0,32.6743589668043,Cust_513
22600,109808.0,139133.0,DebtCon,Mgr,9.0,1.0,0.0,195.458825775733,4.0,18.0,40.206106423501,Cust_4349
8400,43589.0,49950.0,DebtCon,Office,9.0,0.0,0.0,202.704540369239,0.0,23.0,33.5923189418168,Cust_767
17800,137169.0,182280.0,DebtCon,Mgr,12.0,0.0,0.0,241.375307144828,0.0,21.0,28.8464481189551,Cust_3352
18800,70102.0,99841.0,HomeImp,ProfExe,10.0,0.0,0.0,68.1685728720576,0.0,16.0,32.8537943618529,Cust_3572
8300,61213.0,65798.0,HomeImp,Other,6.0,0.0,0.0,86.2965157580198,2.0,20.0,41.4268722322056,Cust_741
25900,58693.0,86469.0,DebtCon,Office,1.0,0.0,1.0,94.1295634101088,0.0,23.0,32.1275627389073,Cust_4922
59500,47485.0,69981.0,DebtCon,Other,4.0,0.0,0.0,100.139311153251,0.0,20.0,29.473673305136,Cust_5893
51700,183615.0,257077.0,DebtCon,ProfExe,4.0,0.0,0.0,213.755850171598,2.0,32.0,38.9533130396685,Cust_5857
3900,29896.0,45960.0,HomeImp,Other,11.0,0.0,0.0,146.123242194151,0.0,14.0,24.4788811910939,Cust_75
15200,64028.0,95482.0,DebtCon,Office,2.0,0.0,0.0,174.16439552451,0.0,24.0,24.8616035309209,Cust_2677
8400,35240.0,54314.0,DebtCon,Office,8.0,0.0,0.0,210.580014791835,1.0,22.0,32.5718672913182,Cust_779
10000,68807.0,76581.0,HomeImp,Office,14.0,0.0,0.0,237.647894104861,0.0,32.0,42.3355735122392,Cust_1134
9000,75453.0,100646.0,DebtCon,ProfExe,3.0,0.0,0.0,126.309834950896,0.0,26.0,33.7584663200697,Cust_902
24600,83099.0,113245.0,DebtCon,ProfExe,9.0,0.0,1.0,122.749216358602,0.0,19.0,28.1257310871294,Cust_4676
15000,80988.0,97404.0,DebtCon,ProfExe,10.0,3.0,0.0,188.501671973785,1.0,30.0,26.5682703995464,Cust_2518
13400,98701.0,129679.0,HomeImp,ProfExe,10.0,0.0,0.0,179.127926001684,2.0,32.0,29.5492835107396,Cust_2142
10100,114590.0,215784.0,HomeImp,ProfExe,2.0,0.0,0.0,123.169182759905,0.0,14.0,27.8450837802585,Cust_1211
6400,17491.0,63614.0,HomeImp,Office,23.0,0.0,0.0,325.299308708367,0.0,12.0,40.2444043689102,Cust_384
9300,84900.0,105798.0,DebtCon,ProfExe,2.0,0.0,0.0,41.8072045957187,1.0,3.0,26.9566978958932,Cust_976
32500,232057.0,286938.0,DebtCon,ProfExe,15.0,0.0,1.0,249.954933268375,2.0,26.0,25.2547717450674,Cust_5457
17400,79623.0,113658.0,DebtCon,Other,0.0,0.0,2.0,212.129145172359,2.0,25.0,35.1067196353137,Cust_3273
27300,97373.0,126102.0,DebtCon,Office,10.0,0.0,1.0,139.132598294611,0.0,28.0,39.1735539509559,Cust_5098
6400,70035.0,78635.0,DebtCon,Sales,3.0,0.0,0.0,147.077163526819,0.0,31.0,31.2061297627101,Cust_388
12800,81030.0,100333.0,DebtCon,Mgr,11.0,0.0,1.0,80.1489430351125,4.0,29.0,42.3193703924862,Cust_1963
9900,71371.0,84865.0,DebtCon,Mgr,0.0,2.0,0.0,94.8052357491994,0.0,12.0,38.2113051020593,Cust_1115
24200,242111.0,266670.0,HomeImp,Self,6.0,1.0,0.0,243.003128717578,3.0,51.0,36.5753877439748,Cust_4614
14500,67631.0,89458.0,DebtCon,Other,4.0,0.0,0.0,24.9555296067829,1.0,4.0,39.1037251669465,Cust_2415
6300,69357.0,73726.0,HomeImp,Sales,3.0,2.0,0.0,163.283933186519,1.0,22.0,42.4078142451624,Cust_376
14600,58229.0,74027.0,DebtCon,Other,2.0,0.0,0.0,228.560354008828,0.0,9.0,34.124242282726,Cust_2423
7800,45391.0,61743.0,DebtCon,Other,12.0,0.0,0.0,105.087593835607,0.0,22.0,36.70541274003,Cust_622
17000,51682.0,67688.0,HomeImp,Office,2.0,0.0,0.0,135.191906542208,0.0,18.0,33.050636365549,Cust_3133
6500,81145.0,117530.0,HomeImp,Office,29.0,0.0,0.0,327.200638515465,1.0,38.0,34.3458376919738,Cust_412
14400,46955.0,67304.0,DebtCon,Other,2.0,0.0,0.0,171.622465396048,0.0,13.0,36.5551889478952,Cust_2390
20900,16174.0,34886.0,DebtCon,Other,1.0,0.0,0.0,52.3036562543738,1.0,4.0,29.7527321970848,Cust_3988
11000,85008.0,73223.0,HomeImp,Mgr,7.0,0.0,2.0,197.120045356682,0.0,23.0,41.4410520182275,Cust_1480
17600,79122.0,96116.0,DebtCon,Other,1.0,0.0,0.0,152.443714409854,1.0,18.0,35.5896626013004,Cust_3304
32100,127901.0,176592.0,DebtCon,Mgr,12.0,0.0,0.0,186.602238797012,2.0,27.0,40.9593770815476,Cust_5437
15000,46867.0,67529.0,DebtCon,Other,7.0,0.0,0.0,133.78758094534,3.0,48.0,31.4864608312195,Cust_2614
11700,95411.0,117927.0,DebtCon,ProfExe,14.0,0.0,0.0,177.926695791849,1.0,17.0,34.4905641313691,Cust_1621
20400,60393.0,98247.0,DebtCon,Office,3.0,0.0,0.0,149.571199669932,0.0,22.0,34.342249385194,Cust_3903
11200,23181.0,80140.0,HomeImp,ProfExe,21.0,0.0,0.0,221.418093398993,0.0,10.0,25.4626415269369,Cust_1521
24100,104442.0,161366.0,DebtCon,Mgr,14.0,0.0,0.0,195.642333181752,0.0,25.0,34.5408095219968,Cust_4606
16500,48833.0,68872.0,DebtCon,Other,1.0,0.0,0.0,60.3906522937829,0.0,12.0,22.4596243869046,Cust_3021
16400,73466.0,89453.0,DebtCon,Other,4.0,0.0,0.0,198.827423760542,3.0,19.0,41.5234974089654,Cust_2990
8000,49685.0,81020.0,HomeImp,Other,2.0,0.0,3.0,129.362465897279,0.0,15.0,47.0009752151235,Cust_654
13600,7627.0,59173.0,HomeImp,Other,7.0,2.0,0.0,362.51225026075,1.0,22.0,14.2671275400078,Cust_2207
10800,49953.0,75322.0,DebtCon,Other,0.0,0.0,0.0,58.8927313306559,8.0,21.0,23.8759461858943,Cust_1418
21600,36777.0,68300.0,DebtCon,Office,11.0,0.0,2.0,121.494248732931,0.0,22.0,41.1382993877019,Cust_4134
9700,84933.0,122520.0,DebtCon,Office,10.0,0.0,0.0,141.433075989325,1.0,23.0,36.7950139634474,Cust_1060
25600,76102.0,119391.0,DebtCon,Other,5.0,0.0,0.0,87.6253821680859,1.0,32.0,40.9299543228606,Cust_4886
20200,130401.0,171686.0,DebtCon,ProfExe,7.0,0.0,0.0,178.942544816076,0.0,38.0,20.3271379067642,Cust_3871
30400,40386.0,68120.0,DebtCon,Mgr,12.0,1.0,0.0,98.8201536838908,5.0,15.0,34.0202571905778,Cust_5354
17300,110614.0,137552.0,DebtCon,ProfExe,6.0,0.0,0.0,85.2325007244057,0.0,13.0,31.3443655217552,Cust_3240
52400,27234.0,83482.0,HomeImp,Other,2.0,2.0,0.0,250.614023932468,6.0,14.0,40.5482459797283,Cust_5866
12900,61031.0,71550.0,HomeImp,Other,28.0,0.0,2.0,178.087256782579,0.0,23.0,34.802428777084,Cust_2015
14400,77366.0,130330.0,DebtCon,ProfExe,14.0,0.0,1.0,285.200061965104,1.0,18.0,28.1716511028175,Cust_2385
30600,78355.0,124426.0,DebtCon,Mgr,11.0,0.0,0.0,81.2233975693704,1.0,34.0,25.9425777652965,Cust_5366
6900,70717.0,87466.0,HomeImp,Other,2.0,0.0,0.0,112.589060664498,0.0,15.0,41.4280898985211,Cust_456
12900,92734.0,114285.0,HomeImp,Mgr,11.0,0.0,0.0,236.052772791489,0.0,24.0,28.6634168077788,Cust_1994
16200,83448.0,135447.0,DebtCon,Mgr,17.0,0.0,5.0,129.780131637167,9.0,19.0,45.5544154825315,Cust_2948
11200,153103.0,181849.0,HomeImp,Office,6.0,0.0,0.0,186.249506995473,0.0,55.0,33.9955653557533,Cust_1529
15400,63456.0,96794.0,DebtCon,ProfExe,3.0,0.0,0.0,85.5293624711717,0.0,28.0,37.3626450003882,Cust_2720
17800,61494.0,85864.0,DebtCon,Other,2.0,0.0,0.0,303.837650819363,3.0,15.0,40.2463120837912,Cust_3340
31900,83226.0,115509.0,DebtCon,Mgr,11.0,0.0,0.0,79.030115608487,0.0,34.0,26.5218595222206,Cust_5429
44000,55604.0,101916.0,DebtCon,Other,3.0,0.0,1.0,194.234952890538,2.0,37.0,43.3385565925476,Cust_5761
13600,39997.0,56571.0,DebtCon,Other,6.0,0.0,0.0,111.007818870315,2.0,15.0,38.7731369826073,Cust_2210
32200,108871.0,151667.0,DebtCon,Other,11.0,0.0,0.0,227.415438422404,0.0,40.0,40.1830985713532,Cust_5442
15700,35873.0,52800.0,HomeImp,Other,10.0,0.0,0.0,128.235913724674,0.0,10.0,20.9502520819382,Cust_2790
20100,59726.0,79982.0,DebtCon,Mgr,8.0,1.0,0.0,74.2107586564191,2.0,28.0,36.8469217850254,Cust_3844
50400,53992.0,63772.0,DebtCon,Office,12.0,0.0,1.0,98.8223964765705,2.0,25.0,40.4257043417709,Cust_5832
14000,43173.0,65985.0,HomeImp,ProfExe,5.0,0.0,0.0,215.985894707263,3.0,18.0,37.1486917308479,Cust_2327
17700,47064.0,71698.0,DebtCon,ProfExe,3.0,0.0,0.0,244.518064422971,3.0,32.0,30.4032038257146,Cust_3335
9500,115186.0,131800.0,DebtCon,Self,7.0,0.0,0.0,177.050036053815,0.0,19.0,33.4305580396813,Cust_1019
8500,78346.0,82226.0,HomeImp,Other,22.0,0.0,0.0,320.349542621105,1.0,47.0,30.1993995232784,Cust_805
24000,96072.0,122441.0,HomeImp,Mgr,10.0,0.0,0.0,127.741782000847,1.0,24.0,33.6080373047237,Cust_4583
14100,54081.0,68577.0,DebtCon,Other,8.0,0.0,0.0,237.682278283269,0.0,17.0,33.0890175127047,Cust_2334
16000,57944.0,89778.0,HomeImp,ProfExe,2.0,0.0,0.0,135.60607791313,0.0,12.0,25.725793663741,Cust_2909
15400,100848.0,129454.0,HomeImp,ProfExe,10.0,0.0,0.0,174.896519248951,2.0,31.0,28.0655908658847,Cust_2713
8000,49232.0,61221.0,DebtCon,Other,23.0,0.0,0.0,258.194577665136,3.0,29.0,41.2466126344989,Cust_647
16700,53423.0,85685.0,HomeImp,ProfExe,5.0,0.0,0.0,109.429428256233,0.0,12.0,28.1606113124362,Cust_3081
16800,76852.0,90429.0,DebtCon,Other,6.0,0.0,0.0,183.843004572078,3.0,18.0,42.2970916956184,Cust_3085
12900,87270.0,97929.0,HomeImp,ProfExe,0.0,0.0,0.0,65.107496541061,1.0,20.0,34.6963655419584,Cust_1995
58000,39436.0,75446.0,DebtCon,Other,2.0,0.0,0.0,102.209358158288,0.0,20.0,30.164553563094,Cust_5888
22500,96170.0,118502.0,HomeImp,Mgr,10.0,0.0,0.0,118.151949997253,1.0,24.0,33.2005480215235,Cust_4329
21700,128841.0,172954.0,DebtCon,ProfExe,4.0,0.0,0.0,165.310281787102,0.0,37.0,20.3428107991036,Cust_4171
6700,49367.0,59609.0,HomeImp,Other,6.0,0.0,0.0,99.3037007842722,0.0,17.0,25.2313663812407,Cust_428
9300,75425.0,109040.0,DebtCon,Office,2.0,0.0,0.0,235.946210600733,0.0,38.0,17.875259064797,Cust_966
30300,54352.0,79302.0,DebtCon,Office,0.0,0.0,0.0,152.202776869363,3.0,19.0,41.6293628196602,Cust_5349
21900,53458.0,77455.0,DebtCon,ProfExe,10.0,0.0,0.0,192.887749215284,1.0,42.0,40.9563107817929,Cust_4207
11000,52602.0,61496.0,DebtCon,Other,13.0,0.0,0.0,107.340066164029,0.0,22.0,37.6991085919082,Cust_1441
37600,33388.0,71282.0,DebtCon,ProfExe,4.0,0.0,0.0,202.112568203493,2.0,18.0,25.1965241849127,Cust_5603
26900,74982.0,126972.0,DebtCon,Office,0.0,0.0,0.0,315.818911237535,0.0,23.0,38.3259898489928,Cust_5047
14100,86730.0,117667.0,DebtCon,ProfExe,1.0,0.0,2.0,134.355574497392,0.0,34.0,31.9805104700758,Cust_2338
24100,95549.0,112283.0,DebtCon,Other,22.0,0.0,0.0,243.349732569461,0.0,28.0,39.0826966294007,Cust_4607
10300,82889.0,97189.0,DebtCon,Mgr,2.0,0.0,0.0,82.5074462131937,2.0,24.0,39.5369871903849,Cust_1283
8400,60995.0,78444.0,HomeImp,Mgr,4.0,0.0,1.0,123.738516603578,0.0,23.0,26.9327076009487,Cust_772
25800,70804.0,106892.0,DebtCon,ProfExe,12.0,0.0,0.0,291.072027534052,1.0,33.0,40.7722832583367,Cust_4905
10000,114643.0,130127.0,DebtCon,Self,5.0,0.0,1.0,160.667893098875,0.0,19.0,33.9200443933811,Cust_1208
20400,76305.0,103430.0,HomeImp,ProfExe,8.0,0.0,0.0,68.441583026736,0.0,16.0,31.5155934065094,Cust_3899
18600,51936.0,75278.0,DebtCon,ProfExe,3.0,0.0,0.0,199.801754236057,0.0,21.0,36.9956458422801,Cust_3545
12800,66293.0,92423.0,HomeImp,Office,27.0,0.0,0.0,169.723888339931,1.0,14.0,41.232162564491,Cust_1951
33700,28956.0,45640.0,DebtCon,Other,0.0,0.0,0.0,59.0427036822543,0.0,6.0,16.4950806371239,Cust_5505
16400,71264.0,94726.0,DebtCon,Other,1.0,0.0,0.0,177.257342400609,1.0,31.0,35.0344813551588,Cust_2985
16900,102108.0,117650.0,DebtCon,Other,9.0,0.0,0.0,279.112584664823,1.0,19.0,29.6451772934176,Cust_3126
60000,38944.0,69961.0,DebtCon,Other,2.0,0.0,0.0,96.6939288820097,0.0,20.0,28.3855010178804,Cust_5898
31900,23517.0,47805.0,DebtCon,Other,0.0,0.0,0.0,78.8136002807294,0.0,7.0,16.7277480964073,Cust_5428
12100,97185.0,113004.0,DebtCon,Other,13.0,0.0,0.0,202.622531301338,2.0,15.0,37.7166461122765,Cust_1785
30000,15214.0,38094.0,DebtCon,Other,26.0,0.0,0.0,199.46979091311,0.0,15.0,39.5498738038306,Cust_5333
15700,74587.0,93180.0,DebtCon,Mgr,19.0,0.0,0.0,263.159163313694,10.0,24.0,35.404414525714,Cust_2810
9600,50655.0,59502.0,DebtCon,Other,0.0,0.0,0.0,93.4328441016583,0.0,20.0,37.9823535081895,Cust_1049
12500,17659.0,31843.0,DebtCon,Office,7.0,0.0,1.0,107.741094775833,0.0,16.0,19.3008544459896,Cust_1891
12100,61868.0,66874.0,HomeImp,Other,30.0,0.0,3.0,170.438639240737,0.0,23.0,37.9150209988398,Cust_1783
13300,76663.0,96022.0,DebtCon,ProfExe,10.0,2.0,0.0,180.029450304605,1.0,30.0,27.0450067609293,Cust_2106
13400,65662.0,92050.0,DebtCon,Other,2.0,0.0,0.0,20.7592152950837,1.0,3.0,42.0093900779306,Cust_2148
24900,92168.0,143484.0,HomeImp,ProfExe,6.0,0.0,0.0,159.583442070635,0.0,31.0,34.1458713448913,Cust_4710
24500,82756.0,122917.0,DebtCon,ProfExe,11.0,0.0,1.0,108.650141171576,0.0,18.0,26.1274366768344,Cust_4672
19400,110745.0,173474.0,DebtCon,Office,6.0,0.0,0.0,217.406705334209,4.0,23.0,42.2204071527069,Cust_3689
17900,68779.0,98623.0,DebtCon,Mgr,1.0,0.0,0.0,83.8616412428623,0.0,17.0,26.4056666448459,Cust_3376
12200,70722.0,81760.0,DebtCon,Other,0.0,0.0,0.0,219.785272779268,3.0,26.0,30.2770053764512,Cust_1803
10700,48322.0,64383.0,DebtCon,Other,0.0,1.0,0.0,185.256734706965,2.0,12.0,28.0308015514961,Cust_1371
13000,44875.0,57713.0,DebtCon,Other,0.0,1.0,0.0,184.990324385145,1.0,12.0,28.6020760707287,Cust_2062
11800,32257.0,59515.0,DebtCon,Office,23.0,0.0,0.0,231.599944521572,0.0,29.0,25.7012764219946,Cust_1659
66500,64423.0,143341.0,HomeImp,Office,9.0,0.0,0.0,113.984446730806,0.0,11.0,39.8214397548006,Cust_5917
32200,118793.0,171024.0,DebtCon,ProfExe,16.0,0.0,0.0,119.603477650242,1.0,16.0,29.011327721235,Cust_5440
